[{"model": "admin.logentry", "pk": 1, "fields": {"action_time": "2022-04-09T11:21:21.878Z", "user": 1, "content_type": 7, "object_id": "1", "object_repr": "Математика", "action_flag": 1, "change_message": "[{\"added\": {}}]"}}, {"model": "admin.logentry", "pk": 2, "fields": {"action_time": "2022-04-09T11:21:29.212Z", "user": 1, "content_type": 7, "object_id": "2", "object_repr": "Физика", "action_flag": 1, "change_message": "[{\"added\": {}}]"}}, {"model": "admin.logentry", "pk": 3, "fields": {"action_time": "2022-04-09T11:21:34.412Z", "user": 1, "content_type": 7, "object_id": "3", "object_repr": "Химия", "action_flag": 1, "change_message": "[{\"added\": {}}]"}}, {"model": "admin.logentry", "pk": 4, "fields": {"action_time": "2022-04-09T11:21:44.118Z", "user": 1, "content_type": 7, "object_id": "4", "object_repr": "Информатика", "action_flag": 1, "change_message": "[{\"added\": {}}]"}}, {"model": "admin.logentry", "pk": 5, "fields": {"action_time": "2022-04-09T11:21:50.417Z", "user": 1, "content_type": 8, "object_id": "1", "object_repr": "Иванов Иван Иванович", "action_flag": 1, "change_message": "[{\"added\": {}}]"}}, {"model": "admin.logentry", "pk": 6, "fields": {"action_time": "2022-04-09T11:22:00.516Z", "user": 1, "content_type": 7, "object_id": "5", "object_repr": "English", "action_flag": 1, "change_message": "[{\"added\": {}}]"}}, {"model": "admin.logentry", "pk": 7, "fields": {"action_time": "2022-04-09T11:22:17.387Z", "user": 1, "content_type": 7, "object_id": "6", "object_repr": "Украинский язык", "action_flag": 1, "change_message": "[{\"added\": {}}]"}}, {"model": "admin.logentry", "pk": 8, "fields": {"action_time": "2022-04-09T11:22:24.143Z", "user": 1, "content_type": 7, "object_id": "7", "object_repr": "Русский язык", "action_flag": 1, "change_message": "[{\"added\": {}}]"}}, {"model": "admin.logentry", "pk": 9, "fields": {"action_time": "2022-04-09T11:22:45.341Z", "user": 1, "content_type": 8, "object_id": "2", "object_repr": "Петрова Дарья Петровна", "action_flag": 1, "change_message": "[{\"added\": {}}]"}}, {"model": "admin.logentry", "pk": 10, "fields": {"action_time": "2022-04-09T11:23:05.878Z", "user": 1, "content_type": 8, "object_id": "3", "object_repr": "Иванова Елена Ивановна", "action_flag": 1, "change_message": "[{\"added\": {}}]"}}, {"model": "admin.logentry", "pk": 11, "fields": {"action_time": "2022-04-09T11:23:38.085Z", "user": 1, "content_type": 8, "object_id": "4", "object_repr": "Химичевская Светлана Игоревна", "action_flag": 1, "change_message": "[{\"added\": {}}]"}}, {"model": "admin.logentry", "pk": 12, "fields": {"action_time": "2022-04-09T11:23:54.980Z", "user": 1, "content_type": 8, "object_id": "5", "object_repr": "Физиковая Фиона Федоровна", "action_flag": 1, "change_message": "[{\"added\": {}}]"}}, {"model": "admin.logentry", "pk": 13, "fields": {"action_time": "2022-04-09T11:45:36.673Z", "user": 1, "content_type": 9, "object_id": "42", "object_repr": "Alexander Payne", "action_flag": 2, "change_message": "[{\"changed\": {\"fields\": [\"Subject\"]}}]"}}, {"model": "auth.permission", "pk": 1, "fields": {"name": "Can add log entry", "content_type": 1, "codename": "add_logentry"}}, {"model": "auth.permission", "pk": 2, "fields": {"name": "Can change log entry", "content_type": 1, "codename": "change_logentry"}}, {"model": "auth.permission", "pk": 3, "fields": {"name": "Can delete log entry", "content_type": 1, "codename": "delete_logentry"}}, {"model": "auth.permission", "pk": 4, "fields": {"name": "Can view log entry", "content_type": 1, "codename": "view_logentry"}}, {"model": "auth.permission", "pk": 5, "fields": {"name": "Can add permission", "content_type": 2, "codename": "add_permission"}}, {"model": "auth.permission", "pk": 6, "fields": {"name": "Can change permission", "content_type": 2, "codename": "change_permission"}}, {"model": "auth.permission", "pk": 7, "fields": {"name": "Can delete permission", "content_type": 2, "codename": "delete_permission"}}, {"model": "auth.permission", "pk": 8, "fields": {"name": "Can view permission", "content_type": 2, "codename": "view_permission"}}, {"model": "auth.permission", "pk": 9, "fields": {"name": "Can add group", "content_type": 3, "codename": "add_group"}}, {"model": "auth.permission", "pk": 10, "fields": {"name": "Can change group", "content_type": 3, "codename": "change_group"}}, {"model": "auth.permission", "pk": 11, "fields": {"name": "Can delete group", "content_type": 3, "codename": "delete_group"}}, {"model": "auth.permission", "pk": 12, "fields": {"name": "Can view group", "content_type": 3, "codename": "view_group"}}, {"model": "auth.permission", "pk": 13, "fields": {"name": "Can add user", "content_type": 4, "codename": "add_user"}}, {"model": "auth.permission", "pk": 14, "fields": {"name": "Can change user", "content_type": 4, "codename": "change_user"}}, {"model": "auth.permission", "pk": 15, "fields": {"name": "Can delete user", "content_type": 4, "codename": "delete_user"}}, {"model": "auth.permission", "pk": 16, "fields": {"name": "Can view user", "content_type": 4, "codename": "view_user"}}, {"model": "auth.permission", "pk": 17, "fields": {"name": "Can add content type", "content_type": 5, "codename": "add_contenttype"}}, {"model": "auth.permission", "pk": 18, "fields": {"name": "Can change content type", "content_type": 5, "codename": "change_contenttype"}}, {"model": "auth.permission", "pk": 19, "fields": {"name": "Can delete content type", "content_type": 5, "codename": "delete_contenttype"}}, {"model": "auth.permission", "pk": 20, "fields": {"name": "Can view content type", "content_type": 5, "codename": "view_contenttype"}}, {"model": "auth.permission", "pk": 21, "fields": {"name": "Can add session", "content_type": 6, "codename": "add_session"}}, {"model": "auth.permission", "pk": 22, "fields": {"name": "Can change session", "content_type": 6, "codename": "change_session"}}, {"model": "auth.permission", "pk": 23, "fields": {"name": "Can delete session", "content_type": 6, "codename": "delete_session"}}, {"model": "auth.permission", "pk": 24, "fields": {"name": "Can view session", "content_type": 6, "codename": "view_session"}}, {"model": "auth.permission", "pk": 25, "fields": {"name": "Can add subject", "content_type": 7, "codename": "add_subject"}}, {"model": "auth.permission", "pk": 26, "fields": {"name": "Can change subject", "content_type": 7, "codename": "change_subject"}}, {"model": "auth.permission", "pk": 27, "fields": {"name": "Can delete subject", "content_type": 7, "codename": "delete_subject"}}, {"model": "auth.permission", "pk": 28, "fields": {"name": "Can view subject", "content_type": 7, "codename": "view_subject"}}, {"model": "auth.permission", "pk": 29, "fields": {"name": "Can add teacher", "content_type": 8, "codename": "add_teacher"}}, {"model": "auth.permission", "pk": 30, "fields": {"name": "Can change teacher", "content_type": 8, "codename": "change_teacher"}}, {"model": "auth.permission", "pk": 31, "fields": {"name": "Can delete teacher", "content_type": 8, "codename": "delete_teacher"}}, {"model": "auth.permission", "pk": 32, "fields": {"name": "Can view teacher", "content_type": 8, "codename": "view_teacher"}}, {"model": "auth.permission", "pk": 33, "fields": {"name": "Can add student", "content_type": 9, "codename": "add_student"}}, {"model": "auth.permission", "pk": 34, "fields": {"name": "Can change student", "content_type": 9, "codename": "change_student"}}, {"model": "auth.permission", "pk": 35, "fields": {"name": "Can delete student", "content_type": 9, "codename": "delete_student"}}, {"model": "auth.permission", "pk": 36, "fields": {"name": "Can view student", "content_type": 9, "codename": "view_student"}}, {"model": "auth.user", "pk": 1, "fields": {"password": "pbkdf2_sha256$260000$JtbLMjc0yTeDZEd7831uW2$WnJEYyHThA9bB0tpQ4eKYC/0H4DiPSj/f2yI1NaxT+g=", "last_login": "2022-04-09T09:05:26.303Z", "is_superuser": true, "username": "admin", "first_name": "", "last_name": "", "email": "", "is_staff": true, "is_active": true, "date_joined": "2022-04-09T08:58:02.798Z", "groups": [], "user_permissions": []}}, {"model": "contenttypes.contenttype", "pk": 1, "fields": {"app_label": "admin", "model": "logentry"}}, {"model": "contenttypes.contenttype", "pk": 2, "fields": {"app_label": "auth", "model": "permission"}}, {"model": "contenttypes.contenttype", "pk": 3, "fields": {"app_label": "auth", "model": "group"}}, {"model": "contenttypes.contenttype", "pk": 4, "fields": {"app_label": "auth", "model": "user"}}, {"model": "contenttypes.contenttype", "pk": 5, "fields": {"app_label": "contenttypes", "model": "contenttype"}}, {"model": "contenttypes.contenttype", "pk": 6, "fields": {"app_label": "sessions", "model": "session"}}, {"model": "contenttypes.contenttype", "pk": 7, "fields": {"app_label": "graphql_app", "model": "subject"}}, {"model": "contenttypes.contenttype", "pk": 8, "fields": {"app_label": "graphql_app", "model": "teacher"}}, {"model": "contenttypes.contenttype", "pk": 9, "fields": {"app_label": "graphql_app", "model": "student"}}, {"model": "sessions.session", "pk": "p1wcxkpzvplxnzlamjs0lkj4b3z0ykac", "fields": {"session_data": ".eJxVjMsOwiAQRf-FtSE8WgGX7vsNZJgZpGogKe3K-O_apAvd3nPOfYkI21ri1nmJM4mL0OL0uyXAB9cd0B3qrUlsdV3mJHdFHrTLqRE_r4f7d1Cgl28dgqXgkx2y0skNhgxk9imPhIyazkSsg_ZjYgsW2LHz6INRZH1GlUG8PwE9OQA:1nd726:-Q8ZMNY0lUSmaiQcYhBeqvmezjYtpJaWUDQs1jm9JYY", "expire_date": "2022-04-23T09:05:26.312Z"}}, {"model": "graphql_app.teacher", "pk": 1, "fields": {"full_name": "Иванов Иван Иванович", "subject": [4, 1]}}, {"model": "graphql_app.teacher", "pk": 2, "fields": {"full_name": "Петрова Дарья Петровна", "subject": [5]}}, {"model": "graphql_app.teacher", "pk": 3, "fields": {"full_name": "Иванова Елена Ивановна", "subject": [7, 6]}}, {"model": "graphql_app.teacher", "pk": 4, "fields": {"full_name": "Химичевская Светлана Игоревна", "subject": [3]}}, {"model": "graphql_app.teacher", "pk": 5, "fields": {"full_name": "Физиковая Фиона Федоровна", "subject": [2]}}, {"model": "graphql_app.subject", "pk": 1, "fields": {"name": "Математика"}}, {"model": "graphql_app.subject", "pk": 2, "fields": {"name": "Физика"}}, {"model": "graphql_app.subject", "pk": 3, "fields": {"name": "Химия"}}, {"model": "graphql_app.subject", "pk": 4, "fields": {"name": "Информатика"}}, {"model": "graphql_app.subject", "pk": 5, "fields": {"name": "English"}}, {"model": "graphql_app.subject", "pk": 6, "fields": {"name": "Украинский язык"}}, {"model": "graphql_app.subject", "pk": 7, "fields": {"name": "Русский язык"}}, {"model": "graphql_app.student", "pk": 1, "fields": {"full_name": "Ronald Ryan", "avg_grade": 66.9, "subject": [5, 1, 7, 6, 2]}}, {"model": "graphql_app.student", "pk": 2, "fields": {"full_name": "Linda Russell", "avg_grade": 42.4, "subject": [5, 4, 1, 7, 6, 2, 3]}}, {"model": "graphql_app.student", "pk": 3, "fields": {"full_name": "Joan Russell", "avg_grade": 31.0, "subject": [5, 4, 1, 7, 2]}}, {"model": "graphql_app.student", "pk": 4, "fields": {"full_name": "Carl Owens", "avg_grade": 47.7, "subject": [5, 4, 1, 7, 3]}}, {"model": "graphql_app.student", "pk": 5, "fields": {"full_name": "Jose Wilson", "avg_grade": 84.8, "subject": [5, 4, 1, 6, 2, 3]}}, {"model": "graphql_app.student", "pk": 6, "fields": {"full_name": "Jonathan Lopez", "avg_grade": 83.2, "subject": [4, 1, 7, 6, 2, 3]}}, {"model": "graphql_app.student", "pk": 7, "fields": {"full_name": "Joseph Howard", "avg_grade": 57.5, "subject": [5, 4, 1, 7, 2, 3]}}, {"model": "graphql_app.student", "pk": 8, "fields": {"full_name": "Phillip Hawkins", "avg_grade": 28.8, "subject": [4, 7, 6, 2, 3]}}, {"model": "graphql_app.student", "pk": 9, "fields": {"full_name": "Stephanie Reynolds", "avg_grade": 5.3, "subject": [5, 4, 1, 7, 6, 2, 3]}}, {"model": "graphql_app.student", "pk": 10, "fields": {"full_name": "Mario Fisher", "avg_grade": 64.7, "subject": [5, 4, 1, 7, 6, 2]}}, {"model": "graphql_app.student", "pk": 11, "fields": {"full_name": "Connie Baker", "avg_grade": 29.8, "subject": [4, 1, 7, 2]}}, {"model": "graphql_app.student", "pk": 12, "fields": {"full_name": "Kevin Stewart", "avg_grade": 94.5, "subject": [5, 4, 1, 6, 2, 3]}}, {"model": "graphql_app.student", "pk": 13, "fields": {"full_name": "Nathan Mitchell", "avg_grade": 39.5, "subject": [5, 4, 1, 7, 2, 3]}}, {"model": "graphql_app.student", "pk": 14, "fields": {"full_name": "Francisco Howard", "avg_grade": 53.0, "subject": [5, 1, 7, 6, 2, 3]}}, {"model": "graphql_app.student", "pk": 15, "fields": {"full_name": "Michelle Ross", "avg_grade": 81.4, "subject": [5, 4, 7, 6, 2]}}, {"model": "graphql_app.student", "pk": 16, "fields": {"full_name": "Barry Hunt", "avg_grade": 80.3, "subject": [5, 4, 1, 7, 6, 2, 3]}}, {"model": "graphql_app.student", "pk": 17, "fields": {"full_name": "Charles Weaver", "avg_grade": 72.7, "subject": [5, 1, 7, 6, 2]}}, {"model": "graphql_app.student", "pk": 18, "fields": {"full_name": "Francis White", "avg_grade": 27.5, "subject": [5, 4, 1, 7, 6, 2]}}, {"model": "graphql_app.student", "pk": 19, "fields": {"full_name": "Jack Powell", "avg_grade": 40.9, "subject": [5, 4, 1, 7, 6, 2, 3]}}, {"model": "graphql_app.student", "pk": 20, "fields": {"full_name": "Judy Guzman", "avg_grade": 17.0, "subject": [5, 4, 1, 7, 6, 2, 3]}}, {"model": "graphql_app.student", "pk": 21, "fields": {"full_name": "Brenda Grant", "avg_grade": 64.5, "subject": [5, 4, 1, 6]}}, {"model": "graphql_app.student", "pk": 22, "fields": {"full_name": "Julia Hawkins", "avg_grade": 95.2, "subject": [5, 1, 7, 6, 2, 3]}}, {"model": "graphql_app.student", "pk": 23, "fields": {"full_name": "Jimmy Castillo", "avg_grade": 65.6, "subject": [5, 1, 7, 6, 3]}}, {"model": "graphql_app.student", "pk": 24, "fields": {"full_name": "Douglas Johnson", "avg_grade": 64.2, "subject": [5, 4, 1, 7, 6, 2, 3]}}, {"model": "graphql_app.student", "pk": 25, "fields": {"full_name": "Heather Vargas", "avg_grade": 20.3, "subject": [5, 4, 7, 6, 3]}}, {"model": "graphql_app.student", "pk": 26, "fields": {"full_name": "Diane Cook", "avg_grade": 15.2, "subject": [5, 4, 1, 6, 3]}}, {"model": "graphql_app.student", "pk": 27, "fields": {"full_name": "Rodney Brown", "avg_grade": 38.8, "subject": [5, 4, 1, 7, 6, 2, 3]}}, {"model": "graphql_app.student", "pk": 28, "fields": {"full_name": "Melvin Freeman", "avg_grade": 31.9, "subject": [5, 4, 7, 6]}}, {"model": "graphql_app.student", "pk": 29, "fields": {"full_name": "Thelma Fernandez", "avg_grade": 67.0, "subject": [5, 6, 2, 3]}}, {"model": "graphql_app.student", "pk": 30, "fields": {"full_name": "Margaret Robinson", "avg_grade": 86.3, "subject": [5, 4, 7, 6, 2, 3]}}, {"model": "graphql_app.student", "pk": 31, "fields": {"full_name": "Jessica Silva", "avg_grade": 60.6, "subject": [4, 7, 6, 3]}}, {"model": "graphql_app.student", "pk": 32, "fields": {"full_name": "Don Fisher", "avg_grade": 67.1, "subject": [5, 4, 6, 2, 3]}}, {"model": "graphql_app.student", "pk": 33, "fields": {"full_name": "Doris Soto", "avg_grade": 18.6, "subject": [5, 4, 1, 7, 2, 3]}}, {"model": "graphql_app.student", "pk": 34, "fields": {"full_name": "Terry Harrison", "avg_grade": 41.9, "subject": [5, 4, 1, 7, 2]}}, {"model": "graphql_app.student", "pk": 35, "fields": {"full_name": "Sandra Jackson", "avg_grade": 5.9, "subject": [5, 4, 1, 6, 2, 3]}}, {"model": "graphql_app.student", "pk": 36, "fields": {"full_name": "Andrea Schmidt", "avg_grade": 79.8, "subject": [4, 7, 6, 2, 3]}}, {"model": "graphql_app.student", "pk": 37, "fields": {"full_name": "Edward Myers", "avg_grade": 6.6, "subject": [5, 4, 1, 2, 3]}}, {"model": "graphql_app.student", "pk": 38, "fields": {"full_name": "Danielle Mendoza", "avg_grade": 60.6, "subject": [5, 4, 1, 7, 6, 2, 3]}}, {"model": "graphql_app.student", "pk": 39, "fields": {"full_name": "Esther Evans", "avg_grade": 77.4, "subject": [7, 6]}}, {"model": "graphql_app.student", "pk": 40, "fields": {"full_name": "Amy Ellis", "avg_grade": 1.2, "subject": [5, 1, 7, 6, 3]}}, {"model": "graphql_app.student", "pk": 41, "fields": {"full_name": "Brenda Porter", "avg_grade": 95.6, "subject": [4, 6, 2, 3]}}, {"model": "graphql_app.student", "pk": 42, "fields": {"full_name": "Alexander Payne", "avg_grade": 90.5, "subject": [5, 1, 7, 3]}}, {"model": "graphql_app.student", "pk": 43, "fields": {"full_name": "Cheryl Vasquez", "avg_grade": 45.4, "subject": [4, 1, 7, 3]}}, {"model": "graphql_app.student", "pk": 44, "fields": {"full_name": "Laura Olson", "avg_grade": 90.1, "subject": [4, 7, 6, 2]}}, {"model": "graphql_app.student", "pk": 45, "fields": {"full_name": "Elizabeth Morales", "avg_grade": 22.3, "subject": [4, 7, 6, 2]}}, {"model": "graphql_app.student", "pk": 46, "fields": {"full_name": "Linda Reyes", "avg_grade": 2.8, "subject": [4, 7, 6, 3]}}, {"model": "graphql_app.student", "pk": 47, "fields": {"full_name": "Barbara Scott", "avg_grade": 97.3, "subject": [5, 4, 1, 7, 6, 2, 3]}}, {"model": "graphql_app.student", "pk": 48, "fields": {"full_name": "Tony Wells", "avg_grade": 25.8, "subject": [5, 4, 1, 7, 6, 2, 3]}}, {"model": "graphql_app.student", "pk": 49, "fields": {"full_name": "Dawn Campbell", "avg_grade": 67.1, "subject": [5, 7, 6, 2, 3]}}, {"model": "graphql_app.student", "pk": 50, "fields": {"full_name": "Lawrence Peterson", "avg_grade": 67.2, "subject": [5, 4, 7, 6, 3]}}, {"model": "graphql_app.student", "pk": 51, "fields": {"full_name": "Scott Gray", "avg_grade": 22.9, "subject": [5, 1, 7, 6, 2]}}, {"model": "graphql_app.student", "pk": 52, "fields": {"full_name": "Scott Fox", "avg_grade": 46.2, "subject": [5, 4, 1, 7, 6, 2, 3]}}, {"model": "graphql_app.student", "pk": 53, "fields": {"full_name": "Charles Hughes", "avg_grade": 55.1, "subject": [5, 4, 7, 6, 2, 3]}}, {"model": "graphql_app.student", "pk": 54, "fields": {"full_name": "Jason Ford", "avg_grade": 13.1, "subject": [5, 4, 1, 7, 6, 2]}}, {"model": "graphql_app.student", "pk": 55, "fields": {"full_name": "Eugene Robinson", "avg_grade": 80.7, "subject": [5, 4, 1, 7, 3]}}, {"model": "graphql_app.student", "pk": 56, "fields": {"full_name": "Troy Munoz", "avg_grade": 87.3, "subject": [4, 1, 7, 6, 3]}}, {"model": "graphql_app.student", "pk": 57, "fields": {"full_name": "Frank Bailey", "avg_grade": 79.8, "subject": [4, 1, 6, 2, 3]}}, {"model": "graphql_app.student", "pk": 58, "fields": {"full_name": "Martha Thompson", "avg_grade": 89.7, "subject": [5, 4, 1, 2, 3]}}, {"model": "graphql_app.student", "pk": 59, "fields": {"full_name": "Mary Nelson", "avg_grade": 8.4, "subject": [5, 4, 1, 7, 6, 2, 3]}}, {"model": "graphql_app.student", "pk": 60, "fields": {"full_name": "Sylvia Brooks", "avg_grade": 8.9, "subject": [5, 4, 1, 7, 2, 3]}}, {"model": "graphql_app.student", "pk": 61, "fields": {"full_name": "Annie Moore", "avg_grade": 20.8, "subject": [5, 7, 2]}}, {"model": "graphql_app.student", "pk": 62, "fields": {"full_name": "Janice Watson", "avg_grade": 53.0, "subject": [5, 4, 1, 7, 6, 2, 3]}}, {"model": "graphql_app.student", "pk": 63, "fields": {"full_name": "Nathan Cruz", "avg_grade": 67.3, "subject": [5, 4, 1, 6, 2, 3]}}, {"model": "graphql_app.student", "pk": 64, "fields": {"full_name": "Kenneth Hawkins", "avg_grade": 12.9, "subject": [5, 1, 7, 2, 3]}}, {"model": "graphql_app.student", "pk": 65, "fields": {"full_name": "Julia Silva", "avg_grade": 76.0, "subject": [5, 1, 7, 6, 2, 3]}}, {"model": "graphql_app.student", "pk": 66, "fields": {"full_name": "Katherine Rice", "avg_grade": 29.4, "subject": [5, 4, 1, 2, 3]}}, {"model": "graphql_app.student", "pk": 67, "fields": {"full_name": "Angela Butler", "avg_grade": 49.0, "subject": [5, 4, 1, 7, 6, 2, 3]}}, {"model": "graphql_app.student", "pk": 68, "fields": {"full_name": "Carmen Smith", "avg_grade": 32.5, "subject": [5, 4, 1, 7, 6, 2, 3]}}, {"model": "graphql_app.student", "pk": 69, "fields": {"full_name": "Janice Lee", "avg_grade": 17.0, "subject": [5, 4, 1, 6, 3]}}, {"model": "graphql_app.student", "pk": 70, "fields": {"full_name": "Edna Williams", "avg_grade": 50.4, "subject": [5, 4, 1, 7]}}, {"model": "graphql_app.student", "pk": 71, "fields": {"full_name": "Victor Mitchell", "avg_grade": 56.9, "subject": [5, 4, 1, 7, 6]}}, {"model": "graphql_app.student", "pk": 72, "fields": {"full_name": "Michael Stewart", "avg_grade": 40.4, "subject": [5, 4, 1, 7, 6, 2, 3]}}, {"model": "graphql_app.student", "pk": 73, "fields": {"full_name": "Wayne Ramos", "avg_grade": 53.8, "subject": [5, 1, 7, 6]}}, {"model": "graphql_app.student", "pk": 74, "fields": {"full_name": "Ricky Dixon", "avg_grade": 31.3, "subject": [5, 4, 1, 7, 2]}}, {"model": "graphql_app.student", "pk": 75, "fields": {"full_name": "Jason Barnes", "avg_grade": 63.6, "subject": [4, 1, 6, 2, 3]}}, {"model": "graphql_app.student", "pk": 76, "fields": {"full_name": "Melvin Gutierrez", "avg_grade": 92.3, "subject": [5, 1, 7, 6, 2, 3]}}, {"model": "graphql_app.student", "pk": 77, "fields": {"full_name": "Grace Henderson", "avg_grade": 42.9, "subject": [5, 4, 1, 7, 6, 3]}}, {"model": "graphql_app.student", "pk": 78, "fields": {"full_name": "Bernard Grant", "avg_grade": 78.4, "subject": [4, 1, 7, 6, 2]}}, {"model": "graphql_app.student", "pk": 79, "fields": {"full_name": "Lucille Stewart", "avg_grade": 99.7, "subject": [4, 1, 7, 6, 2, 3]}}, {"model": "graphql_app.student", "pk": 80, "fields": {"full_name": "Travis Hicks", "avg_grade": 14.0, "subject": [4, 1, 6, 3]}}, {"model": "graphql_app.student", "pk": 81, "fields": {"full_name": "Paula Sanders", "avg_grade": 93.2, "subject": [5, 4, 1, 7, 2]}}, {"model": "graphql_app.student", "pk": 82, "fields": {"full_name": "Jesus Gardner", "avg_grade": 87.4, "subject": [4, 1, 7, 6, 2, 3]}}, {"model": "graphql_app.student", "pk": 83, "fields": {"full_name": "Sherry Boyd", "avg_grade": 41.8, "subject": [5, 4, 1, 7, 2, 3]}}, {"model": "graphql_app.student", "pk": 84, "fields": {"full_name": "Irene Cruz", "avg_grade": 92.0, "subject": [5]}}, {"model": "graphql_app.student", "pk": 85, "fields": {"full_name": "Todd Patel", "avg_grade": 84.2, "subject": [5, 4, 1, 7, 6, 2, 3]}}, {"model": "graphql_app.student", "pk": 86, "fields": {"full_name": "Thelma Coleman", "avg_grade": 58.4, "subject": [4, 1, 7, 6, 2, 3]}}, {"model": "graphql_app.student", "pk": 87, "fields": {"full_name": "Kelly Hawkins", "avg_grade": 17.0, "subject": [5, 4, 1, 7, 6, 2, 3]}}, {"model": "graphql_app.student", "pk": 88, "fields": {"full_name": "Rosa Anderson", "avg_grade": 69.5, "subject": [5, 4, 1, 7, 6]}}, {"model": "graphql_app.student", "pk": 89, "fields": {"full_name": "Tiffany Stewart", "avg_grade": 57.5, "subject": [4, 1, 7, 6, 2, 3]}}, {"model": "graphql_app.student", "pk": 90, "fields": {"full_name": "Daniel Moore", "avg_grade": 73.8, "subject": [5, 4, 1, 7, 6, 3]}}, {"model": "graphql_app.student", "pk": 91, "fields": {"full_name": "Kimberly Ramos", "avg_grade": 76.7, "subject": [5, 4, 1, 7, 6, 2]}}, {"model": "graphql_app.student", "pk": 92, "fields": {"full_name": "April Reynolds", "avg_grade": 84.7, "subject": [5, 4, 1, 7, 6, 3]}}, {"model": "graphql_app.student", "pk": 93, "fields": {"full_name": "Kim Myers", "avg_grade": 56.7, "subject": [5, 4, 7, 6, 2, 3]}}, {"model": "graphql_app.student", "pk": 94, "fields": {"full_name": "Thomas Herrera", "avg_grade": 99.2, "subject": [5, 4, 1, 6, 2, 3]}}, {"model": "graphql_app.student", "pk": 95, "fields": {"full_name": "Robert Rose", "avg_grade": 94.3, "subject": [5, 1, 2, 3]}}, {"model": "graphql_app.student", "pk": 96, "fields": {"full_name": "Anna Griffin", "avg_grade": 81.1, "subject": [5, 4, 1, 6, 2]}}, {"model": "graphql_app.student", "pk": 97, "fields": {"full_name": "Tiffany Spencer", "avg_grade": 5.4, "subject": [5, 4, 1, 6, 2, 3]}}, {"model": "graphql_app.student", "pk": 98, "fields": {"full_name": "Ricky Russell", "avg_grade": 28.4, "subject": [7, 6]}}, {"model": "graphql_app.student", "pk": 99, "fields": {"full_name": "Ashley Foster", "avg_grade": 15.6, "subject": [7, 6, 2, 3]}}, {"model": "graphql_app.student", "pk": 100, "fields": {"full_name": "John Gordon", "avg_grade": 97.3, "subject": [5, 4, 1, 6, 2]}}]